1,Mariah,xda-paz@example.org,04/03/2000,F,SC,01/08/2025
2,Esther,vargasluiz-otavio@example.com,17/08/1968,F,MS,01/08/2025
3,Benício,hgarcia@example.com,21/08/1967,M,PR,01/08/2025
4,Ana Cecília,vitor-hugosantos@example.com,04/08/1966,F,MG,01/08/2025
5,Raquel,ferreiracecilia@example.com,17/02/1964,F,SE,01/08/2025
6,Matheus,davi-miguel84@example.net,27/04/2016,M,DF,01/08/2025
7,Isabella,laragao@example.net,20/01/1978,F,RN,01/08/2025
8,Gustavo Henrique,krocha@example.org,12/02/2014,M,RR,01/08/2025
9,Giovanna,yasminmoura@example.org,25/10/2020,F,PE,01/08/2025
10,Maria Flor,elisa75@example.com,31/10/1992,F,PE,01/08/2025
11,Alexandre,yasmin33@example.com,06/03/2001,M,AC,01/08/2025
12,Cecilia,pmacedo@example.org,23/11/1954,F,SC,01/08/2025
13,Rodrigo,guilhermecosta@example.com,21/02/1988,M,RJ,01/08/2025
14,Mathias,moreiramarcelo@example.net,27/10/2019,M,AL,01/08/2025
15,Ana Julia,ana-livia15@example.com,28/09/1980,F,AL,01/08/2025
16,Emanuel,kamillybarbosa@example.org,15/12/1975,M,MA,01/08/2025
17,Isadora,vianaarthur-gabriel@example.com,30/09/2020,F,CE,01/08/2025
18,Isis,ferreiraana-luiza@example.org,13/12/2003,F,MT,01/08/2025
19,Alana,olivia60@example.net,25/02/1972,F,PI,01/08/2025
20,Ana Carolina,omendonca@example.com,12/07/2021,F,MT,01/08/2025
21,Kamilly,ravi-lucca23@example.net,17/10/1992,F,PE,01/08/2025
22,Cauã,xda-paz@example.com,07/03/2025,M,PE,01/08/2025
23,Ana Luiza,smachado@example.com,23/11/1955,F,CE,01/08/2025
24,Julia,msantos@example.com,28/10/1969,F,AL,01/08/2025
25,Gael,ccosta@example.net,23/04/1991,M,RO,01/08/2025
26,Breno,vitor-gabriel45@example.org,20/03/1963,M,PI,01/08/2025
27,Diego,apires@example.net,25/12/1953,M,PR,01/08/2025
28,Antony,camposmaria-julia@example.com,28/01/1975,M,PI,01/08/2025
29,Theodoro,rael74@example.net,27/02/2006,M,PE,01/08/2025
30,Ana Julia,pedro-lucas14@example.org,08/05/2018,F,RJ,01/08/2025
31,Luiza,alexia95@example.org,08/09/2015,F,SP,01/08/2025
32,Augusto,oda-rosa@example.org,21/07/2004,M,PR,01/08/2025
33,Gabriela,liz44@example.net,23/01/1953,F,AM,01/08/2025
34,Vinícius,fariasvinicius@example.org,01/12/1966,M,SP,01/08/2025
35,Melissa,marinacarvalho@example.net,24/12/1972,F,GO,01/08/2025
36,Diogo,dcardoso@example.net,07/01/1989,M,MS,01/08/2025
37,Emanuelly,azevedostella@example.net,21/09/1990,F,AC,01/08/2025
38,Lucas,davimontenegro@example.net,10/11/1997,M,PI,01/08/2025
39,Carlos Eduardo,marcela81@example.net,05/04/2012,M,RR,01/08/2025
40,Bento,slima@example.com,25/11/2011,M,TO,01/08/2025
41,José Pedro,camilabrito@example.net,21/07/1961,M,GO,01/08/2025
42,Vitor,da-cruzcalebe@example.com,09/07/1980,M,CE,01/08/2025
43,Maria Clara,gomescarlos-eduardo@example.net,16/10/1949,F,SE,01/08/2025
44,Renan,moreirapedro@example.org,09/06/2007,M,MS,01/08/2025
45,Francisco,kvieira@example.com,18/10/2022,M,TO,01/08/2025
46,Dante,diego15@example.org,29/08/1969,M,AL,01/08/2025
47,Mateus,nathan78@example.com,27/06/1995,M,MG,01/08/2025
48,Pedro Henrique,cirinojoana@example.com,08/08/1964,M,PB,01/08/2025
49,Liam,bcastro@example.org,01/03/1960,M,RS,01/08/2025
50,Noah,correiahadassa@example.org,16/09/2017,M,MS,01/08/2025
51,João Felipe,iporto@example.net,18/01/1992,M,MT,01/08/2025
52,Noah,santosnicolas@example.org,23/12/1967,M,CE,01/08/2025
53,Pedro Henrique,santosbryan@example.net,24/07/1981,M,PR,01/08/2025
54,Maria Flor,imoura@example.com,27/06/1959,F,RO,01/08/2025
55,Mathias,wdias@example.com,01/06/2021,M,PA,01/08/2025
56,Maria Júlia,marina37@example.net,23/10/2015,F,TO,01/08/2025
57,Kamilly,ryanporto@example.com,28/10/1949,F,RO,01/08/2025
58,Gustavo Henrique,da-luzenzo@example.com,08/06/2008,M,TO,01/08/2025
59,Ana Lívia,salesana-laura@example.com,24/06/1957,F,PE,01/08/2025
60,Lucas,isabelada-cunha@example.org,25/12/2003,M,AM,01/08/2025
61,Bruna,joao-guilherme95@example.net,28/12/1971,F,RS,01/08/2025
62,Laura,mviana@example.org,23/10/1966,F,MA,01/08/2025
63,Ana Júlia,yancardoso@example.com,10/04/1962,F,AP,01/08/2025
64,Pedro Lucas,qcavalcante@example.net,18/04/2002,M,PE,01/08/2025
65,Lorena,esther29@example.com,14/01/2013,F,MG,01/08/2025
66,Stella,anthony-gabrielgomes@example.com,02/04/1986,F,ES,01/08/2025
67,Luigi,ysales@example.net,27/08/2006,M,AC,01/08/2025
68,Alexandre,guerrasophie@example.org,21/10/1996,M,CE,01/08/2025
69,Luiz Felipe,aylasantos@example.org,03/03/1998,M,TO,01/08/2025
70,Daniela,agatha23@example.com,05/08/1962,F,CE,01/08/2025
71,Luísa,mayaramos@example.com,16/12/1994,F,MS,01/08/2025
72,Dante,nmendonca@example.net,07/12/1949,M,RJ,01/08/2025
73,Marcos Vinicius,miguel34@example.net,10/05/2023,M,CE,01/08/2025
74,Luiz Gustavo,vasconcelosjoao-vitor@example.org,10/10/1967,M,RR,01/08/2025
75,Felipe,isis19@example.org,30/12/2011,M,BA,01/08/2025
76,Daniel,xcampos@example.net,06/01/1969,M,MA,01/08/2025
77,Natália,valentimpastor@example.org,22/03/2018,F,PR,01/08/2025
78,Ravi,rlima@example.org,12/02/1997,M,MS,01/08/2025
79,Daniel,theo70@example.com,19/09/1965,M,AM,01/08/2025
80,Evelyn,bruno74@example.net,21/11/2009,F,ES,01/08/2025
81,Lorena,lara28@example.net,15/06/1966,F,PB,01/08/2025
82,Luiz Gustavo,augustonunes@example.org,11/11/2004,M,AP,01/08/2025
83,Sophia,elisamoura@example.com,10/09/1988,F,PR,01/08/2025
84,Antony,jleao@example.net,17/12/2022,M,DF,01/08/2025
85,Thiago,benicioazevedo@example.net,25/09/1959,M,ES,01/08/2025
86,Isaac,vitorborges@example.net,21/10/1963,M,DF,01/08/2025
87,Henrique,claricealves@example.org,01/12/1971,M,TO,01/08/2025
88,Lívia,pauloandrade@example.net,13/08/1958,F,GO,01/08/2025
89,Isabela,maria-cecilia77@example.net,03/11/1977,F,RJ,01/08/2025
90,Antônio,inovaes@example.net,04/05/2020,M,PI,01/08/2025
91,Elisa,albuquerquestephany@example.net,24/11/1988,F,PI,01/08/2025
92,Ana Vitória,gmartins@example.net,16/04/1971,F,PI,01/08/2025
93,Lavínia,da-cunhastella@example.com,09/08/1950,F,RJ,01/08/2025
94,Catarina,sophie43@example.com,17/12/1956,F,SP,01/08/2025
95,Ana,nmarques@example.org,31/10/1986,F,RS,01/08/2025
96,Francisco,theodoro11@example.org,15/12/1956,M,PA,01/08/2025
97,Ester,fcampos@example.net,26/10/1963,F,BA,01/08/2025
98,Luiz Otávio,eloahpinto@example.net,20/11/1972,M,RN,01/08/2025
99,Pedro Lucas,mathias78@example.org,31/03/2016,M,MA,01/08/2025
100,João Guilherme,smarques@example.org,01/10/1986,M,MA,01/08/2025
